199;QuickWeaponView
198;SlowWeaponView
181;EmptyWeaponView
172;Lighteman
168;Mudman
164;Squirrel_inc
151;CloseButton
146;duck
139;elephant
132;man
125;mini_map1
122;mini_map2
119;mini_map3
116;mini_map4
113;mini_map5
110;mini_map6
107;mini_mapPY
103;PYcar
101;woman
94;EndScreen
93;ScreenMask
92;FinalLapNotifier
89;Inspector2
84;Inspector3
81;Wrongway_Character
74;LabTime
72;PlayerLabView
70;PlayerRankView
68;RateSymbol
65;ReadyCounter
57;Counter
45;TimerView
42;black_smog
41;bonusMap0
40;bonusMap1
39;bonusMap2
38;bonusMap3
37;bonusMap4
36;bonusMap5
35;bonusMap6
34;dust_image
33;electricMap0
32;electricMap1
31;electricMap10
30;electricMap11
29;electricMap12
28;electricMap13
27;electricMap14
26;electricMap2
25;electricMap3
24;electricMap4
23;electricMap5
22;electricMap6
21;electricMap7
20;electricMap8
19;electricMap9
18;collision_flash2
17;Mud_Image
16;eneMap0
15;eneMap9
14;eneMap1
13;eneMap2
12;eneMap3
11;eneMap4
10;eneMap5
9;eneMap6
8;eneMap7
7;eneMap8
6;Mount_Image
5;red_smog
4;shield_back
3;LeafBitmap1
2;water_bubble
1;white_smog
0;symbol_fla.MainTimeline
